{
    "faithfulness": 0.8686949494949495,
    "answer_relevancy": 0.6944767676767677,
    "answer_correctness": 0.5654319587628865,
    "context_precision": 0.8978858585858587,
    "context_recall": 0.8190272727272728,
    "context_sufficiency": 0.48484848484848486,
    "framework": "ragas",
    "experiment": "100complex_ollama_incremental_adaptive_v27_results",
    "judge": "gpt-4o-mini"
}