{
    "faithfulness": 0.8827343434343434,
    "answer_relevancy": 0.7541737373737374,
    "answer_correctness": 0.5929181818181818,
    "context_precision": 0.887560606060606,
    "context_recall": 0.8484888888888888,
    "context_sufficiency": 0.494949494949495,
    "framework": "ragas",
    "experiment": "100complex_ollama_incremental_adaptive_v26_results",
    "judge": "gpt-4o-mini"
}