{
    "faithfulness": 0.889203,
    "answer_relevancy": 0.6798649999999999,
    "answer_correctness": 0.5939860000000001,
    "context_precision": 0.9120609999999999,
    "context_recall": 0.865004,
    "experiment": "exp_ollama_results",
    "judge": "gpt-4o-mini"
}