{
    "faithfulness": 0.8991969387755102,
    "answer_relevancy": 0.5573897959183673,
    "answer_correctness": 0.5892224489795919,
    "context_precision": 0.8348551020408165,
    "context_recall": 0.8273836734693877,
    "context_sufficiency": 0.45918367346938777,
    "framework": "ragas",
    "experiment": "incremental_adaptive_v15_results",
    "judge": "gpt-4o-mini"
}