{
    "faithfulness": 0.8589292929292929,
    "answer_relevancy": 0.6963989898989899,
    "answer_correctness": 0.5698414141414141,
    "context_precision": 0.8735459183673471,
    "context_recall": 0.859431313131313,
    "context_sufficiency": 0.47959183673469385,
    "framework": "ragas",
    "experiment": "pc_ollama_incremental_adaptive_v25_4_results",
    "judge": "gpt-4o-mini"
}