{
    "faithfulness": 0.9229686868686869,
    "answer_relevancy": 0.7797868686868686,
    "answer_correctness": 0.5785948979591837,
    "context_precision": 0.8775303030303032,
    "context_recall": 0.8535363636363636,
    "context_sufficiency": 0.5757575757575758,
    "framework": "ragas",
    "experiment": "server_ollama_incremental_adaptive_v25_2_rerun_results",
    "judge": "gpt-4o-mini"
}