{
    "faithfulness": 0.9106020202020203,
    "answer_relevancy": 0.7586676767676767,
    "answer_correctness": 0.5657555555555556,
    "context_precision": 0.8553646464646466,
    "context_recall": 0.8122939393939395,
    "context_sufficiency": 0.5151515151515151,
    "framework": "ragas",
    "experiment": "server_100complex_ollama_incremental_adaptive_v27_2_rerun_results",
    "judge": "gpt-4o-mini"
}