{
    "faithfulness": 0.9094976744186047,
    "answer_relevancy": 0.813753488372093,
    "answer_correctness": 0.7111337209302325,
    "context_precision": 0.8208197674418604,
    "context_recall": 0.8953488372093024,
    "context_sufficiency": 0.8488372093023255,
    "framework": "ragas",
    "experiment": "web_incremental_adaptive_v18_results",
    "judge": "gpt-4o-mini"
}