{
    "faithfulness": 0.8286849999999999,
    "answer_relevancy": 0.83701,
    "answer_correctness": 0.39460500000000004,
    "context_precision": 0.8229200000000001,
    "context_recall": 0.41439999999999994,
    "context_sufficiency": 0.25,
    "framework": "ragas",
    "experiment": "01_ollama_default_config_results",
    "judge": "gpt-5.1"
}