{
    "faithfulness": 0.8177700000000001,
    "answer_relevancy": 0.9377550000000001,
    "answer_correctness": 0.4614400000000001,
    "context_precision": 0.8486894736842105,
    "context_recall": 0.40255,
    "context_sufficiency": 0.3,
    "framework": "ragas",
    "experiment": "ollama_incremental_adaptive_v25_2_nometadata_results",
    "judge": "gpt-5.1"
}