{
    "faithfulness": 0.83375,
    "answer_relevancy": 0.9385399999999999,
    "answer_correctness": 0.45829999999999993,
    "context_precision": 0.8375000000000001,
    "context_recall": 0.4124899999999999,
    "context_sufficiency": 0.25,
    "framework": "ragas",
    "experiment": "ollama_incremental_adaptive_v25_2_results",
    "judge": "gpt-5.1"
}