{
    "faithfulness": 0.8653980000000001,
    "answer_relevancy": 0.7324299999999999,
    "answer_correctness": 0.5203876288659794,
    "context_precision": 0.99,
    "context_recall": 0.9418489999999999,
    "context_sufficiency": 0.49,
    "framework": "ragas",
    "experiment": "01_ollama_default_config_results",
    "judge": "gpt-4o-mini"
}