{
    "faithfulness": 0.8768414141414141,
    "answer_relevancy": 0.7220474747474747,
    "answer_correctness": 0.5508444444444444,
    "context_precision": 0.8549575757575759,
    "context_recall": 0.8341787878787879,
    "context_sufficiency": 0.46464646464646464,
    "framework": "ragas",
    "experiment": "ollama_incremental_adaptive_v25_2_rerun_results",
    "judge": "gpt-4o-mini"
}