{
    "faithfulness": 0.8667070707070708,
    "answer_relevancy": 0.6137444444444444,
    "answer_correctness": 0.5683,
    "context_precision": 0.8749545454545454,
    "context_recall": 0.7865673469387755,
    "context_sufficiency": 0.5252525252525253,
    "framework": "ragas",
    "experiment": "ollama_incremental_adaptive_v24_1_results",
    "judge": "gpt-4o-mini"
}