{
    "faithfulness": 0.8772393939393938,
    "answer_relevancy": 0.7312282828282829,
    "answer_correctness": 0.5643377551020407,
    "context_precision": 0.8508060606060607,
    "context_recall": 0.8585909090909093,
    "context_sufficiency": 0.47474747474747475,
    "framework": "ragas",
    "experiment": "pc_ollama_incremental_adaptive_v25_2_1808_results",
    "judge": "gpt-4o-mini"
}