{
    "faithfulness": 0.8800555555555556,
    "answer_relevancy": 0.762290909090909,
    "answer_correctness": 0.5686666666666667,
    "context_precision": 0.8571737373737375,
    "context_recall": 0.8417535353535354,
    "context_sufficiency": 0.5151515151515151,
    "framework": "ragas",
    "experiment": "server_100complex_ollama_incremental_adaptive_v26_rerun_results",
    "judge": "gpt-4o-mini"
}