{
    "faithfulness": 0.9452173469387755,
    "answer_relevancy": 0.7058585858585859,
    "answer_correctness": 0.5399132653061225,
    "context_precision": 0.868519587628866,
    "context_recall": 0.8232363636363637,
    "context_sufficiency": 0.494949494949495,
    "framework": "ragas",
    "experiment": "server_100complex_ollama_incremental_adaptive_v27_1_rerun_results",
    "judge": "gpt-4o-mini"
}