{
    "faithfulness": 0.8959141414141414,
    "answer_relevancy": 0.8081484848484847,
    "answer_correctness": 0.5711626262626263,
    "context_precision": 0.8911887755102041,
    "context_recall": 0.8545948979591836,
    "context_sufficiency": 0.5257731958762887,
    "framework": "ragas",
    "experiment": "server_100complex_ollama_incremental_adaptive_v25_4_2_results",
    "judge": "gpt-4o-mini"
}