{
    "faithfulness": 0.9026500000000001,
    "answer_relevancy": 0.775925,
    "answer_correctness": 0.6284400000000001,
    "context_precision": 0.8440350000000001,
    "context_recall": 0.9583349999999999,
    "context_sufficiency": 0.55,
    "framework": "ragas",
    "experiment": "incremental_adaptive_v15_results",
    "judge": "gpt-4o-mini"
}