{
    "faithfulness": 0.8774799999999997,
    "answer_relevancy": 0.5838500000000001,
    "answer_correctness": 0.51288,
    "context_precision": 0.7416699999999998,
    "context_recall": 0.8083349999999999,
    "context_sufficiency": 0.45,
    "framework": "ragas",
    "experiment": "new_adaptive_v8_results",
    "judge": "gpt-4o-mini"
}