{
    "faithfulness": 0.8827526315789475,
    "answer_relevancy": 0.7033947368421053,
    "answer_correctness": 0.6305894736842105,
    "context_precision": 0.8432052631578948,
    "context_recall": 0.9035105263157894,
    "context_sufficiency": 0.631578947368421,
    "framework": "ragas",
    "experiment": "new_adaptive_v9_results",
    "judge": "gpt-4o-mini"
}