{
    "faithfulness": 0.8809545454545454,
    "answer_relevancy": 0.7438181818181818,
    "answer_correctness": 0.5436636363636365,
    "context_precision": 0.5560636363636363,
    "context_recall": 0.6363636363636364,
    "context_sufficiency": 0.5454545454545454,
    "framework": "ragas",
    "experiment": "server_web_ollama_incremental_adaptive_v25_4_3_results",
    "judge": "gpt-4o-mini"
}