{
    "faithfulness": 0.8787909090909092,
    "answer_relevancy": 0.6680090909090909,
    "answer_correctness": 0.47079090909090904,
    "context_precision": 0.7121181818181818,
    "context_recall": 0.6363636363636364,
    "context_sufficiency": 0.7272727272727273,
    "framework": "ragas",
    "experiment": "web_ollama_incremental_adaptive_v24_1_results",
    "judge": "gpt-4o-mini"
}