{
    "faithfulness": 0.8636363636363636,
    "answer_relevancy": 0.7636272727272728,
    "answer_correctness": 0.4809727272727272,
    "context_precision": 0.7121181818181818,
    "context_recall": 0.6363636363636364,
    "context_sufficiency": 0.6363636363636364,
    "framework": "ragas",
    "experiment": "web_ollama_incremental_adaptive_v23_results",
    "judge": "gpt-4o-mini"
}