{
    "faithfulness": 0.6681818181818181,
    "answer_relevancy": 0.9094181818181819,
    "answer_correctness": 0.5367909090909091,
    "context_precision": 0.5560636363636363,
    "context_recall": 0.6363636363636364,
    "context_sufficiency": 0.5454545454545454,
    "framework": "ragas",
    "experiment": "web_ollama_incremental_adaptive_v26_nometadata_results",
    "judge": "gpt-4o-mini"
}